CUSTOMER,1,Breazu Vlad,vlad@gmail.com,vladuser,Vlad@112,Alee Alexandriei,Romania,0730121119
CUSTOMER,2,Denis Toropoc,denis@gmail.com,denisuser,Denis@112,Strada Pompierilor,Romania,073012120
CUSTOMER,3,David Simion,david@gmail.com,daviduser,David@112,Fundatura Cucului,Romania,0730121121
CUSTOMER,4,Dobre Andrei,dobre@gmail.com,dobreuser,Dobre@112,Strada Grivitei,Romania,073012122
CUSTOMER,5,Chiru Matei,matei@gmail.com,mateiuser,Matei@112,Strada Pasarelei,Romania,073012123
ADMIN,10,Admin Admin,admin@gmail.com,adminuser,Admin@112,AdminPassword,AdminPassword

